<?xml version="1.0" encoding="UTF-8"?>
<project-private xmlns="http://www.netbeans.org/ns/project-private/1">
    <editor-bookmarks xmlns="http://www.netbeans.org/ns/editor-bookmarks/2" lastBookmarkId="0"/>
    <open-files xmlns="http://www.netbeans.org/ns/projectui-open-files/2">
        <group>
            <file>file:/F:/AnimalAvenue/web/pet_pages/small_animals.jsp</file>
            <file>file:/F:/AnimalAvenue/web/pet_pages/aquatics.jsp</file>
            <file>file:/F:/AnimalAvenue/src/java/checkoutServlet.java</file>
            <file>file:/F:/AnimalAvenue/src/java/Data/Seeker.java</file>
            <file>file:/F:/AnimalAvenue/web/index.jsp</file>
            <file>file:/F:/AnimalAvenue/web/styles/pet_pages.css</file>
            <file>file:/F:/AnimalAvenue/web/Checkout/shoppingcart.jsp</file>
        </group>
    </open-files>
</project-private>
